posx,posy,posz,turn,tick,
74.75093,1.2475019,66.9158,0,1,
74.75093,1.2476301,66.91581,1,1,
74.75093,1.2476301,66.91581,2,1,
74.75093,1.2476301,66.91581,3,1,
74.75093,1.2476301,66.91581,4,1,
74.75093,1.2476301,66.91581,5,1,
74.75093,1.2476301,66.91581,6,1,
74.79088,1.2475,67.13024,7,1,
74.79088,1.2475,67.13024,8,1,
74.79088,1.2475,67.13024,9,1,
74.79088,1.2475,67.13024,10,1,
74.79088,1.2475,67.13024,11,1,
74.79088,1.2475,67.13024,12,1,
74.79088,1.2475,67.13024,13,1,
74.79088,1.2475,67.13024,14,1,
74.79088,1.2475,67.13024,15,1,
74.79088,1.2475,67.13024,16,1,
74.79088,1.2475,67.13024,17,1,
74.79088,1.2475,67.13024,18,1,
74.79088,1.2475,67.13024,19,1,
74.79088,1.2475,67.13024,20,1,
74.79088,1.2475,67.13024,21,1,
74.79088,1.2475,67.13024,22,1,
74.79088,1.2475,67.13024,23,1,
74.79088,1.2475,67.13024,24,1,
74.79088,1.2475,67.13024,25,1,
74.79088,1.2475,67.13024,26,1,
74.79088,1.2475,67.13024,27,1,
74.79088,1.2475,67.13024,28,1,
74.79088,1.2475,67.13024,29,1,
74.79088,1.2475,67.13024,30,1,
74.79088,1.2475,67.13024,31,1,
74.79088,1.2475,67.13024,32,1,
74.79088,1.2475,67.13024,33,1,
74.79088,1.2475,67.13024,34,1,
74.79088,1.2475,67.13024,35,1,
74.78352,1.2475,67.11846,36,1,
74.77617,1.2475,67.10668,37,1,
74.768814,1.2475,67.0949,38,1,
74.76146,1.2475,67.08312,39,1,
74.754105,1.2475,67.07134,40,1,
74.74675,1.2475,67.05956,41,1,
74.739395,1.2475,67.04778,42,1,
74.73204,1.2475,67.036,43,1,
74.724686,1.2475,67.02422,44,1,
74.724686,1.2475,67.02422,45,1,
74.724686,1.2475,67.02422,46,1,
74.724686,1.2475,67.02422,47,1,
74.724686,1.2475,67.02422,48,1,
74.724686,1.2475,67.02422,49,1,
74.724686,1.2475,67.02422,50,1,
74.724686,1.2475,67.02422,51,1,
74.724686,1.2475,67.02422,52,1,
74.724686,1.2475,67.02422,53,1,
73.54448,1.2475,65.77347,54,1,
73.201614,1.2475,65.409546,55,1,
73.16352,1.2475,65.36911,56,1,
73.12543,1.2475,65.328674,57,1,
73.08733,1.2475,65.28824,58,1,
73.05114,1.2475,65.249825,59,1,
73.02257,1.2475,65.2195,60,1,
73.005424,1.2475,65.2013,61,1,
72.9959,1.2475,65.19119,62,1,
72.98638,1.2475,65.18108,63,1,
72.97686,1.2475,65.170975,64,1,
72.96734,1.2475,65.160866,65,1,
72.95782,1.2475,65.15076,66,1,
72.948296,1.2475,65.14065,67,1,
72.938774,1.2475,65.13054,68,1,
72.92925,1.2475,65.12043,69,1,
72.91973,1.2475,65.11032,70,1,
72.91021,1.2475,65.10021,71,1,
72.90069,1.2475,65.0901,72,1,
72.89117,1.2475,65.079994,73,1,
72.881645,1.2475,65.069885,74,1,
72.87212,1.2475,65.05978,75,1,
72.8626,1.2475,65.04967,76,1,
72.85308,1.2475,65.03956,77,1,
72.84356,1.2475,65.02945,78,1,
72.83404,1.2475,65.01934,79,1,
72.82452,1.2475,65.00923,80,1,
72.814995,1.2475,64.99912,81,1,
72.80547,1.2475,64.98901,82,1,
72.79595,1.2475,64.978905,83,1,
72.79595,1.2475,64.978905,84,1,
71.063576,1.2475,64.9235,85,1,
69.064674,1.2475,64.85964,86,1,
67.06574,1.2475,64.795715,87,1,
65.07286,1.2475,64.73195,88,1,
64.07337,1.2475,64.70006,89,1,
64.017845,1.2475,64.69828,90,1,
63.962322,1.2475,64.69651,91,1,
63.91235,1.2475,64.694916,92,1,
63.87348,1.2475,64.69367,93,1,
63.84294,1.2475,64.692696,94,1,
63.82351,1.2475,64.69208,95,1,
63.809628,1.2475,64.691635,96,1,
63.795746,1.2475,64.69119,97,1,
63.781864,1.2475,64.69075,98,1,
63.767982,1.2475,64.69031,99,1,
63.7541,1.2475,64.689865,100,1,
63.74022,1.2475,64.68942,101,1,
63.726337,1.2475,64.68898,102,1,
63.712456,1.2475,64.68854,103,1,
63.698574,1.2475,64.688095,104,1,
63.684692,1.2475,64.68765,105,1,
63.67081,1.2475,64.68721,106,1,
63.65693,1.2475,64.68677,107,1,
63.643047,1.2475,64.686325,108,1,
63.629166,1.2475,64.68588,109,1,
63.615284,1.2475,64.68544,110,1,
63.601402,1.2475,64.685,111,1,
63.58752,1.2475,64.684555,112,1,
63.57364,1.2475,64.68411,113,1,
63.559757,1.2475,64.68367,114,1,
63.545876,1.2475,64.68323,115,1,
63.531994,1.2475,64.682785,116,1,
63.518112,1.2475,64.68234,117,1,
63.50423,1.2475,64.6819,118,1,
63.49035,1.2475,64.68146,119,1,
63.476467,1.2475,64.681015,120,1,
63.462585,1.2475,64.68057,121,1,
63.448704,1.2475,64.68013,122,1,
63.434822,1.2475,64.67969,123,1,
63.42094,1.2475,64.679245,124,1,
63.42094,1.2475,64.679245,125,1,
63.408813,1.2475,64.67248,126,1,
63.396687,1.2475,64.66571,127,1,
63.38456,1.2475,64.65894,128,1,
63.372433,1.2475,64.652176,129,1,
63.360306,1.2475,64.64541,130,1,
63.34818,1.2475,64.63864,131,1,
63.336056,1.2475,64.631874,132,1,
63.32393,1.2475,64.62511,133,1,
63.311802,1.2475,64.61834,134,1,
63.299675,1.2475,64.61157,135,1,
63.287548,1.2475,64.604805,136,1,
63.27542,1.2475,64.59804,137,1,
63.263294,1.2475,64.59127,138,1,
63.251167,1.2475,64.5845,139,1,
63.23904,1.2475,64.577736,140,1,
63.226913,1.2475,64.57097,141,1,
63.214787,1.2475,64.5642,142,1,
63.20266,1.2475,64.557434,143,1,
63.190533,1.2475,64.55067,144,1,
63.178406,1.2475,64.5439,145,1,
63.16628,1.2475,64.53713,146,1,
63.154152,1.2475,64.530365,147,1,
63.142025,1.2475,64.5236,148,1,
63.129898,1.2475,64.51683,149,1,
63.11777,1.2475,64.51006,150,1,
63.105644,1.2475,64.503296,151,1,
63.093517,1.2475,64.49653,152,1,
63.08139,1.2475,64.48976,153,1,
63.069263,1.2475,64.482994,154,1,
63.057137,1.2475,64.47623,155,1,
63.04501,1.2475,64.46946,156,1,
63.032883,1.2475,64.46269,157,1,
63.020756,1.2475,64.455925,158,1,
63.00863,1.2475,64.44916,159,1,
62.996502,1.2475,64.44239,160,1,
62.984375,1.2475,64.43562,161,1,
62.972248,1.2475,64.428856,162,1,
62.96012,1.2475,64.42209,163,1,
62.947994,1.2475,64.41532,164,1,
62.935867,1.2475,64.408554,165,1,
62.92374,1.2475,64.40179,166,1,
62.911613,1.2475,64.39502,167,1,
62.899487,1.2475,64.38825,168,1,
62.88736,1.2475,64.381485,169,1,
62.875233,1.2475,64.37472,170,1,
62.875233,1.2475,64.37472,171,1,
62.875233,1.2475,64.37472,172,1,
62.875233,1.2475,64.37472,173,1,
62.875233,1.2475,64.37472,174,1,
62.8396,1.2475,62.64181,175,1,
62.79848,1.2475,60.642303,176,1,
62.757362,1.2475,58.64279,177,1,
62.716244,1.2475,56.643253,178,1,
62.675125,1.2475,54.643707,179,1,
62.634007,1.2475,52.64416,180,1,
62.59296,1.2475,50.64462,181,1,
62.55184,1.2475,48.645073,182,1,
62.521057,1.2475,47.145412,183,1,
62.519917,1.2475,47.08987,184,1,
62.518776,1.2475,47.03433,185,1,
62.517635,1.2475,46.978786,186,1,
62.516495,1.2475,46.923244,187,1,
62.51541,1.2475,46.87048,188,1,
62.514614,1.2475,46.8316,189,1,
62.51404,1.2475,46.80383,190,1,
62.5137,1.2475,46.78717,191,1,
62.513412,1.2475,46.773285,192,1,
62.513126,1.2475,46.7594,193,1,
62.51284,1.2475,46.745514,194,1,
62.512554,1.2475,46.73163,195,1,
62.512268,1.2475,46.717743,196,1,
62.511982,1.2475,46.703857,197,1,
62.511696,1.2475,46.689972,198,1,
62.51141,1.2475,46.676086,199,1,
62.511124,1.2475,46.6622,200,1,
62.510838,1.2475,46.648315,201,1,
62.51055,1.2475,46.63443,202,1,
62.510265,1.2475,46.620544,203,1,
62.50998,1.2475,46.60666,204,1,
62.509693,1.2475,46.592773,205,1,
62.509693,1.2475,46.592773,206,1,
62.195545,1.2475,46.22988,207,1,
61.48601,1.4889553,45.32592,208,1,
60.706715,2.1368496,44.206055,209,1,
59.997696,3.043227,43.09818,210,1,
59.757294,3.4224179,42.707283,211,1,
59.58404,3.7239454,42.42221,212,1,
59.473705,3.9390533,42.238308,213,1,
59.397755,4.1143174,42.110195,214,1,
59.313103,4.346641,41.96794,215,1,
59.268658,4.468639,41.893238,216,1,
59.245323,4.532702,41.854015,217,1,
59.232613,4.567583,41.832657,218,1,
59.226395,4.5846596,41.8222,219,1,
59.223133,4.593627,41.81671,220,1,
59.221474,4.5981565,41.813942,221,1,
59.220577,4.600617,41.812435,222,1,
59.220245,4.6015277,41.811874,223,1,
59.258335,4.59111,42.002125,224,1,
59.298687,4.579359,42.20556,225,1,
59.33145,4.5697355,42.37089,226,1,
59.358013,4.5618234,42.50466,227,1,
59.37837,4.555617,42.606567,228,1,
59.397995,4.54944,42.704025,229,1,
59.41314,4.544525,42.77852,230,1,
59.43404,4.5377426,42.88132,231,1,
59.444645,4.5342994,42.933506,232,1,
59.449833,4.532614,42.959057,233,1,
59.452454,4.5317626,42.971962,234,1,
59.453876,4.5313,42.978973,235,1,
59.454403,4.531129,42.981567,236,1,
59.115875,4.5306463,42.659657,237,1,
58.260616,4.529966,41.85434,238,1,
57.141216,4.5291452,40.812943,239,1,
55.89983,4.528158,39.65993,240,1,
54.64597,4.5269046,38.48047,241,1,
54.17696,4.5263705,38.035076,242,1,
53.692806,4.5258045,37.564564,243,1,
53.434174,4.5254908,37.303684,244,1,
53.23246,4.525238,37.09933,245,1,
53.10805,4.525058,36.970535,246,1,
52.39076,4.5245967,36.723858,247,1,
51.02123,4.5241146,36.579052,248,1,
49.40789,4.523643,36.477444,249,1,
47.65931,4.523159,36.385857,250,1,
45.81612,4.5226502,36.295906,251,1,
43.926315,4.522118,36.20821,252,1,
41.9899,4.521551,36.12411,253,1,
40.066883,4.5209584,36.04828,254,1,
38.12827,4.5203247,35.9812,255,1,
36.217545,4.519656,35.926006,256,1,
34.36603,4.5189614,35.882694,257,1,
32.45358,4.5181913,35.848087,258,1,
30.54746,4.5173573,35.82635,259,1,
28.64615,4.5164413,35.819965,260,1,
26.772873,4.515434,35.83128,261,1,
24.857813,4.5142636,35.86451,262,1,
22.96167,4.5128975,35.926945,263,1,
21.08122,4.5112157,36.02997,264,1,
19.244162,4.5089626,36.194477,265,1,
18.640919,4.5080795,36.26224,266,1,
18.18897,4.5073357,36.318165,267,1,
17.855059,4.5066895,36.364647,268,1,
17.613901,4.504512,36.398598,269,1,
17.413023,4.4943414,36.428177,270,1,
17.249903,4.475615,36.45098,271,1,
17.127487,4.451244,36.46315,272,1,
17.03255,4.4242682,36.464687,273,1,
16.956095,4.3972564,36.45682,274,1,
16.892117,4.3716044,36.441338,275,1,
16.83665,4.3475904,36.420105,276,1,
16.787085,4.3246703,36.394817,277,1,
16.750942,4.306317,36.37243,278,1,
16.71189,4.2840614,36.345413,279,1,
16.674532,4.2593513,36.31749,280,1,
16.636648,4.229203,36.287544,281,1,
16.605473,4.197618,36.261627,282,1,
16.578444,4.160025,36.237732,283,1,
16.542412,4.0902576,36.203316,284,1,
16.522797,4.0522714,36.184578,285,1,
16.513557,4.0343833,36.175755,286,1,
16.50854,4.0246663,36.17096,287,1,
16.505812,4.0193872,36.168358,288,1,
16.504333,4.01652,36.166943,289,1,
16.503494,4.0149,36.16614,290,1,
16.503075,4.0140824,36.165737,291,1,
16.502834,4.0136204,36.165512,292,1,
16.506966,4.013443,36.167557,293,1,
16.529762,4.0130663,36.17899,294,1,
16.565495,4.0124793,36.196938,295,1,
16.613203,4.011699,36.220932,296,1,
16.665552,4.0108466,36.247288,297,1,
16.713375,4.0100694,36.271378,298,1,
16.758034,4.0093455,36.293884,299,1,
16.803856,4.0086036,36.316982,300,1,
16.854097,4.007792,36.34231,301,1,
16.907297,4.006933,36.369125,302,1,
16.955656,4.006154,36.39349,303,1,
16.997097,4.005487,36.41436,304,1,
17.044214,4.0047293,36.438076,305,1,
17.091808,4.0039654,36.462025,306,1,
17.132727,4.0033097,36.482605,307,1,
17.17089,3.5697017,36.707817,308,1,
17.113323,2.4581783,37.14505,309,1,
17.082722,1.9500376,37.315346,310,1,
17.054756,1.2632023,37.470993,311,1,
17.059427,1.2464781,37.470116,312,1,
17.06611,1.2464781,37.457943,313,1,
17.072794,1.2464781,37.445766,314,1,
17.079477,1.2464781,37.433594,315,1,
17.08616,1.2464781,37.421417,316,1,
17.092838,1.246705,37.409252,317,1,
17.099516,1.247024,37.397083,318,1,
17.106197,1.2472148,37.384914,319,1,
17.112879,1.2473292,37.37274,320,1,
17.11956,1.2474074,37.36057,321,1,
17.126198,1.2474475,37.34848,322,1,
17.132856,1.2474718,37.33635,323,1,
17.13952,1.2474842,37.32421,324,1,
17.146145,1.2474923,37.31214,325,1,
17.152805,1.2474957,37.300007,326,1,
17.159477,1.2474976,37.287853,327,1,
17.166153,1.2474985,37.275692,328,1,
17.17283,1.247499,37.263527,329,1,
17.17951,1.2474995,37.251358,330,1,
17.186192,1.2474995,37.239185,331,1,
17.192873,1.2475,37.227016,332,1,
17.198494,1.2475,37.216778,333,1,
17.20516,1.2475,37.20463,334,1,
17.211843,1.2475,37.19246,335,1,
17.218527,1.2475,37.180283,336,1,
17.22521,1.2475,37.16811,337,1,
17.231894,1.2475,37.155933,338,1,
17.238577,1.2475,37.143757,339,1,
17.244343,1.2475,37.133255,340,1,
17.251009,1.2475,37.12111,341,1,
17.25769,1.2475,37.108936,342,1,
17.264374,1.2475,37.096764,343,1,
17.269995,1.2475,37.08652,344,1,
17.275743,1.2475,37.07605,345,1,
17.282415,1.2475,37.063896,346,1,
17.28803,1.2475,37.053665,347,1,
17.293781,1.2474995,37.04319,348,1,
17.293781,1.2474995,37.04319,349,1,
17.296108,1.2475,37.0569,350,1,
17.296108,1.2475,37.0569,351,1,
17.296108,1.2475,37.0569,352,1,
17.296108,1.2475,37.0569,353,1,
17.296108,1.2475,37.0569,354,1,
17.296108,1.2475,37.0569,355,1,
17.296108,1.2475,37.0569,356,1,
17.296108,1.2475,37.0569,357,1,
17.296108,1.2475,37.0569,358,1,
17.296108,1.2475,37.0569,359,1,
17.296108,1.2475,37.0569,360,1,
17.296108,1.2475,37.0569,361,1,
17.296108,1.2475,37.0569,362,1,
17.296108,1.2475,37.0569,363,1,
17.296108,1.2475,37.0569,364,1,
17.296108,1.2475,37.0569,365,1,
17.296108,1.2475,37.0569,366,1,
17.296108,1.2475,37.0569,367,1,
17.296108,1.2475,37.0569,368,1,
17.296108,1.2475,37.0569,369,1,
17.296108,1.2475,37.0569,370,1,
17.296108,1.2452192,37.0569,371,1,
17.296108,1.2452192,37.0569,372,1,
17.296108,1.2452192,37.0569,373,1,
17.296108,1.2452192,37.0569,374,1,
17.296108,1.2452192,37.0569,375,1,
17.296108,1.2452192,37.0569,376,1,
17.296108,1.2452192,37.0569,377,1,
17.296108,1.2452192,37.0569,378,1,
17.296108,1.2452192,37.0569,379,1,
17.296108,1.2452192,37.0569,380,1,
17.296108,1.2452192,37.0569,381,1,
17.296108,1.2452192,37.0569,382,1,
17.296108,1.2452192,37.0569,383,1,
17.302507,1.2475,37.04468,384,1,
17.302507,1.2475,37.04468,385,1,
17.302507,1.2475,37.04468,386,1,
17.302507,1.2475,37.04468,387,1,
17.302507,1.2475,37.04468,388,1,
17.302507,1.2475,37.04468,389,1,
17.302507,1.2475,37.04468,390,1,
17.302507,1.2475,37.04468,391,1,
17.302507,1.2475,37.04468,392,1,
17.302507,1.2475,37.04468,393,1,
17.302507,1.2475,37.04468,394,1,
17.341238,1.2475,35.311806,395,1,
17.385925,1.2475,33.312332,396,1,
17.430614,1.2475,31.312859,397,1,
17.475132,1.2445192,29.316275,398,1,
17.476376,1.2456212,29.260765,399,1,
17.477621,1.2463751,29.205244,400,1,
17.478867,1.24686,29.149714,401,1,
17.48005,1.247117,29.096956,402,1,
17.480984,1.2472706,29.055305,403,1,
17.481544,1.247376,29.030315,404,1,
17.481855,1.2474332,29.016434,405,1,
17.482166,1.2474618,29.00255,406,1,
17.482475,1.247477,28.988752,407,1,
17.482786,1.2474875,28.97489,408,1,
17.483095,1.2474933,28.961088,409,1,
17.483406,1.2474966,28.947252,410,1,
17.483717,1.247498,28.93339,411,1,
17.484028,1.247499,28.919518,412,1,
17.484339,1.2474995,28.905638,413,1,
17.48465,1.2474995,28.891754,414,1,
17.48496,1.2475,28.877874,415,1,
17.485271,1.2475,28.863989,416,1,
17.485584,1.2475,28.850103,417,1,
17.485895,1.2475,28.836218,418,1,
17.486208,1.2475,28.822332,419,1,
17.486519,1.2475,28.808449,420,1,
17.486832,1.2475,28.794563,421,1,
17.487143,1.2472782,28.780682,422,1,
17.487448,1.2466383,28.766895,423,1,
17.487747,1.2456427,28.753048,424,1,
17.48801,1.2460847,28.741085,425,1,
17.488268,1.2468014,28.730042,426,1,
17.488523,1.2472959,28.718973,427,1,
17.488785,1.2475643,28.70759,428,1,
17.489046,1.2476149,28.695942,429,1,
17.489357,1.2474976,28.682133,430,1,
17.489668,1.2474976,28.668247,431,1,
17.489979,1.2475004,28.654375,432,1,
17.490246,1.2475052,28.642359,433,1,
17.490507,1.2475061,28.630663,434,1,
17.490774,1.2475066,28.61867,435,1,
17.491037,1.2475071,28.606964,436,1,
17.491304,1.2475076,28.594946,437,1,
17.491304,1.2475076,28.594946,438,1,
18.366344,1.2475,27.476568,439,1,
18.400587,1.2475,27.432821,440,1,
18.434828,1.2475,27.389072,441,1,
18.462221,1.2475,27.354074,442,1,
18.47763,1.2475,27.334389,443,1,
18.48619,1.2475,27.323452,444,1,
18.494751,1.2475,27.312515,445,1,
18.503311,1.2475,27.301577,446,1,
18.511871,1.2475,27.29064,447,1,
18.520432,1.2475,27.279703,448,1,
18.528992,1.2475,27.268766,449,1,
18.537552,1.2475,27.25783,450,1,
18.546112,1.2475,27.246893,451,1,
18.554672,1.2475,27.235956,452,1,
18.563232,1.2475,27.22502,453,1,
18.571793,1.2475,27.214083,454,1,
18.580353,1.2475,27.203144,455,1,
18.588913,1.2475,27.192207,456,1,
18.597473,1.2475,27.18127,457,1,
18.606033,1.2475,27.170334,458,1,
18.614594,1.2475,27.159397,459,1,
18.623154,1.2475,27.14846,460,1,
18.631714,1.2475,27.137524,461,1,
18.640274,1.2475,27.126587,462,1,
18.648834,1.2475,27.11565,463,1,
18.657394,1.2475,27.104713,464,1,
18.665955,1.2475,27.093777,465,1,
18.674515,1.2475,27.082838,466,1,
18.683075,1.2475,27.071901,467,1,
18.691635,1.2475,27.060965,468,1,
18.700195,1.2475,27.050028,469,1,
18.708755,1.2475,27.039091,470,1,
18.717316,1.2475,27.028154,471,1,
18.725876,1.2475,27.017218,472,1,
18.734436,1.2475,27.00628,473,1,
18.734436,1.2475,27.00628,474,1,
18.853853,1.2475,26.18156,475,1,
18.861814,1.2475,26.12658,476,1,
18.869776,1.2475,26.071598,477,1,
18.877338,1.2475,26.019365,478,1,
18.882513,1.2475,25.983627,479,1,
18.8853,1.2475,25.964384,480,1,
18.88729,1.2475,25.95064,481,1,
18.88928,1.2475,25.936893,482,1,
18.89127,1.2475,25.92315,483,1,
18.893261,1.2475,25.909403,484,1,
18.89525,1.2475,25.895658,485,1,
18.897242,1.2475,25.881912,486,1,
18.899231,1.2475,25.868166,487,1,
18.901222,1.2475,25.854422,488,1,
18.903212,1.2475,25.840675,489,1,
18.905203,1.2475,25.826931,490,1,
18.907192,1.2475,25.813185,491,1,
18.909184,1.2475,25.79944,492,1,
18.911173,1.2475,25.785694,493,1,
18.913164,1.2475,25.77195,494,1,
18.915154,1.2475,25.758204,495,1,
18.917145,1.2475,25.74446,496,1,
18.919134,1.2475,25.730713,497,1,
18.921125,1.2475,25.716969,498,1,
18.923115,1.2475,25.703222,499,1,
18.925106,1.2475,25.689478,500,1,
18.927095,1.2475,25.675732,501,1,
18.929087,1.2475,25.661987,502,1,
18.931076,1.2475,25.648241,503,1,
18.933067,1.2475,25.634497,504,1,
18.935057,1.2475,25.62075,505,1,
18.937048,1.2475,25.607006,506,1,
18.939037,1.2475,25.59326,507,1,
18.939037,1.2475,25.59326,508,1,
19.348192,1.2475,25.459225,509,1,
19.728308,1.2475,25.3347,510,1,
19.728308,1.2475,25.3347,511,1,
19.728308,1.2475,25.3347,512,1,
19.728308,1.2475,25.3347,513,1,
19.728308,1.2475,25.3347,514,1,
19.728308,1.2475,25.3347,515,1,
19.728308,1.2475,25.3347,516,1,
19.728308,1.2475,25.3347,517,1,
19.728308,1.2475,25.3347,518,1,
19.728308,1.2475,25.3347,519,1,
19.728308,1.2475,25.3347,520,1,
19.728308,1.2475,25.3347,521,1,
19.728308,1.2475,25.3347,522,1,
19.728308,1.2475,25.3347,523,1,
21.347637,1.3803453,25.298458,524,1,
23.346855,1.3725,25.251545,525,1,
25.309002,1.2475,25.209084,526,1,
26.008764,1.2475,25.191183,527,1,
26.0643,1.2475,25.189762,528,1,
26.114283,1.2475,25.188484,529,1,
26.150381,1.2475,25.187561,530,1,
26.169819,1.2475,25.187063,531,1,
26.183702,1.2475,25.186708,532,1,
26.197586,1.2475,25.186354,533,1,
26.21147,1.2475,25.185997,534,1,
26.225353,1.2475,25.185642,535,1,
26.239237,1.2475,25.185287,536,1,
26.25312,1.2475,25.184933,537,1,
26.267004,1.2475,25.184578,538,1,
26.280888,1.2475,25.184221,539,1,
26.294771,1.2475,25.183867,540,1,
26.308655,1.2475,25.183512,541,1,
26.322538,1.2475,25.183157,542,1,
26.336422,1.2475,25.1828,543,1,
26.350306,1.2475,25.182446,544,1,
26.36419,1.2475,25.18209,545,1,
26.378073,1.2475,25.181736,546,1,
26.391956,1.2475,25.181381,547,1,
26.40584,1.2475,25.181025,548,1,
26.419724,1.2475,25.18067,549,1,
26.433607,1.2475,25.180315,550,1,
26.44749,1.2475,25.17996,551,1,
26.461374,1.2475,25.179605,552,1,
26.475258,1.2475,25.179249,553,1,
26.489141,1.2475,25.178894,554,1,
26.503025,1.2475,25.17854,555,1,
26.516909,1.2475,25.178185,556,1,
26.530792,1.2475,25.17783,557,1,
26.544676,1.2475,25.177473,558,1,
26.55856,1.2475,25.177118,559,1,
26.572443,1.2475,25.176764,560,1,
26.572443,1.2475,25.176764,561,1,
26.572443,1.2475,25.176764,562,1,
26.584732,1.2475,25.183235,563,1,
26.597021,1.2475,25.189709,564,1,
26.60931,1.2475,25.19618,565,1,
26.6216,1.2475,25.202652,566,1,
26.633888,1.2475,25.209126,567,1,
26.646177,1.2475,25.215597,568,1,
26.658466,1.2475,25.22207,569,1,
26.670755,1.2475,25.228542,570,1,
26.683044,1.2475,25.235014,571,1,
26.695333,1.2475,25.241488,572,1,
26.707623,1.2475,25.24796,573,1,
26.719912,1.2475,25.25443,574,1,
26.7322,1.2475,25.260904,575,1,
26.74449,1.2475,25.267376,576,1,
26.756779,1.2475,25.27385,577,1,
26.769068,1.2475,25.280321,578,1,
26.781357,1.2475,25.286793,579,1,
26.793646,1.2475,25.293266,580,1,
26.805935,1.2475,25.299738,581,1,
26.818224,1.2475,25.306211,582,1,
26.830513,1.2475,25.312683,583,1,
26.842802,1.2475,25.319157,584,1,
26.855091,1.2475,25.325628,585,1,
26.86738,1.2475,25.3321,586,1,
26.87967,1.2475,25.338573,587,1,
26.891958,1.2475,25.345045,588,1,
26.904247,1.2475,25.351519,589,1,
26.916536,1.2475,25.35799,590,1,
26.928825,1.2475,25.364464,591,1,
26.941114,1.2475,25.370935,592,1,
26.953403,1.2475,25.377407,593,1,
26.965693,1.2475,25.38388,594,1,
26.977982,1.2475,25.390352,595,1,
26.99027,1.2475,25.396826,596,1,
27.00256,1.2475,25.403297,597,1,
27.014849,1.2475,25.409771,598,1,
27.027138,1.2475,25.416243,599,1,
27.039427,1.2475,25.422716,600,1,
27.051716,1.2475,25.429188,601,1,
27.064005,1.2475,25.435661,602,1,
27.076294,1.2475,25.442133,603,1,
27.088583,1.2475,25.448606,604,1,
27.100872,1.2475,25.455078,605,1,
27.113161,1.2475,25.461552,606,1,
27.12545,1.2475,25.468023,607,1,
27.12545,1.2475,25.468023,608,1,
27.12545,1.2475,25.468023,609,1,
27.12545,1.2475,25.468023,610,1,
27.12545,1.2475,25.468023,611,1,
27.150375,1.2475,25.54754,612,1,
27.159515,1.2475,25.576696,613,1,
27.166162,1.2475,25.5979,614,1,
27.170317,1.2475,25.611153,615,1,
27.17447,1.2475,25.624407,616,1,
27.178625,1.2475,25.63766,617,1,
27.18278,1.2475,25.650911,618,1,
27.186934,1.2475,25.664164,619,1,
27.191088,1.2475,25.677418,620,1,
27.195242,1.2475,25.69067,621,1,
27.199396,1.2475,25.703922,622,1,
27.20355,1.2475,25.717175,623,1,
27.207705,1.2475,25.730429,624,1,
27.211859,1.2475,25.743681,625,1,
27.216013,1.2475,25.756933,626,1,
27.220167,1.2475,25.770185,627,1,
27.224321,1.2475,25.78344,628,1,
27.228476,1.2475,25.796692,629,1,
27.23263,1.2475,25.809944,630,1,
27.236784,1.2475,25.823196,631,1,
27.240938,1.2475,25.83645,632,1,
27.245092,1.2475,25.849703,633,1,
27.249247,1.2475,25.862955,634,1,
27.2534,1.2475,25.876207,635,1,
27.257555,1.2475,25.889462,636,1,
27.26171,1.2475,25.902714,637,1,
27.265863,1.2475,25.915966,638,1,
27.270018,1.2475,25.929218,639,1,
27.274172,1.2475,25.942472,640,1,
27.278326,1.2475,25.955725,641,1,
27.28248,1.2475,25.968977,642,1,
27.286634,1.2475,25.98223,643,1,
27.290789,1.2475,25.995481,644,1,
27.294943,1.2475,26.008736,645,1,
27.299097,1.2475,26.021988,646,1,
27.303251,1.2475,26.03524,647,1,
27.307405,1.2475,26.048492,648,1,
27.31156,1.2475,26.061747,649,1,
27.315714,1.2475,26.074999,650,1,
27.319868,1.2475,26.088251,651,1,
27.324022,1.2475,26.101503,652,1,
27.328176,1.2475,26.114758,653,1,
27.33233,1.2475,26.12801,654,1,
27.336485,1.2475,26.141262,655,1,
27.34064,1.2475,26.154514,656,1,
27.344793,1.2475,26.167767,657,1,
27.348948,1.2475,26.18102,658,1,
27.353102,1.2475,26.194273,659,1,
27.357256,1.2475,26.207525,660,1,
27.36141,1.2475,26.220778,661,1,
27.365564,1.2475,26.23403,662,1,
27.369719,1.2475,26.247284,663,1,
27.373873,1.2475,26.260536,664,1,
27.373873,1.2475,26.260536,665,1,
27.38178,1.2475,26.271954,666,1,
27.389688,1.2475,26.283371,667,1,
27.397596,1.2475,26.294786,668,1,
27.405504,1.2475,26.306204,669,1,
27.413412,1.2475,26.317621,670,1,
27.42132,1.2475,26.329039,671,1,
27.429228,1.2475,26.340456,672,1,
27.437136,1.2475,26.351873,673,1,
27.445044,1.2475,26.36329,674,1,
27.452951,1.2475,26.374708,675,1,
27.46086,1.2475,26.386126,676,1,
27.468767,1.2475,26.397541,677,1,
27.476675,1.2475,26.408958,678,1,
27.484583,1.2475,26.420376,679,1,
27.49249,1.2475,26.431793,680,1,
27.500399,1.2475,26.44321,681,1,
27.508307,1.2475,26.454628,682,1,
27.516214,1.2475,26.466045,683,1,
27.524122,1.2475,26.47746,684,1,
27.53203,1.2475,26.488878,685,1,
27.539938,1.2475,26.500296,686,1,
27.547846,1.2475,26.511713,687,1,
27.555754,1.2475,26.52313,688,1,
27.563662,1.2475,26.534548,689,1,
27.57157,1.2475,26.545963,690,1,
27.579477,1.2475,26.55738,691,1,
27.587385,1.2475,26.568798,692,1,
27.595293,1.2475,26.580215,693,1,
27.6032,1.2475,26.591633,694,1,
27.611109,1.2475,26.60305,695,1,
27.619017,1.2475,26.614466,696,1,
27.626925,1.2475,26.625883,697,1,
27.634832,1.2475,26.6373,698,1,
27.64274,1.2475,26.648718,699,1,
27.650648,1.2475,26.660135,700,1,
27.658556,1.2475,26.67155,701,1,
27.666464,1.2475,26.682968,702,1,
27.674372,1.2475,26.694386,703,1,
27.68228,1.2475,26.705803,704,1,
27.690187,1.2475,26.71722,705,1,
27.698095,1.2475,26.728636,706,1,
27.706003,1.2475,26.740053,707,1,
27.713911,1.2475,26.75147,708,1,
27.72182,1.2475,26.762888,709,1,
27.729729,1.2475,26.774303,710,1,
27.737637,1.2475,26.78572,711,1,
27.745546,1.2475,26.797138,712,1,
27.753456,1.2475,26.808556,713,1,
27.761364,1.2475,26.819971,714,1,
27.761364,1.2475,26.819971,715,1,
29.488922,1.2475,26.960894,716,1,
30.983921,1.2475,27.082844,717,1,
31.039291,1.2475,27.08736,718,1,
31.094662,1.2475,27.091877,719,1,
31.144495,1.2475,27.095942,720,1,
31.158339,1.2475,27.09707,721,1,
31.172182,1.2475,27.0982,722,1,
31.186026,1.2475,27.099329,723,1,
31.19987,1.2475,27.100458,724,1,
31.213713,1.2475,27.101587,725,1,
31.227556,1.2475,27.102716,726,1,
31.2414,1.2475,27.103846,727,1,
31.255243,1.2475,27.104975,728,1,
31.269087,1.2475,27.106104,729,1,
31.28293,1.2475,27.107233,730,1,
31.296774,1.2475,27.108362,731,1,
31.310617,1.2475,27.109491,732,1,
31.324461,1.2475,27.11062,733,1,
31.338305,1.2475,27.11175,734,1,
31.352148,1.2475,27.112879,735,1,
31.365992,1.2475,27.114008,736,1,
31.379835,1.2475,27.115137,737,1,
31.393679,1.2475,27.116266,738,1,
31.407522,1.2475,27.117395,739,1,
31.421366,1.2475,27.118525,740,1,
31.43521,1.2475,27.119654,741,1,
31.449053,1.2475,27.120783,742,1,
31.462896,1.2475,27.121912,743,1,
31.47674,1.2475,27.123041,744,1,
31.490583,1.2475,27.12417,745,1,
31.504427,1.2475,27.1253,746,1,
31.51827,1.2475,27.126429,747,1,
31.532114,1.2475,27.12756,748,1,
31.545958,1.2475,27.128689,749,1,
31.559801,1.2475,27.129818,750,1,
31.573645,1.2475,27.130947,751,1,
31.573645,1.2475,27.130947,752,1,
31.573645,1.2475,27.130947,753,1,
31.573645,1.2475,27.130947,754,1,
31.58606,1.2475,27.12472,755,1,
31.598475,1.2475,27.118492,756,1,
31.61089,1.2475,27.112265,757,1,
31.623304,1.2475,27.106037,758,1,
31.63572,1.2475,27.09981,759,1,
31.648134,1.2475,27.093582,760,1,
31.66055,1.2475,27.087355,761,1,
31.672964,1.2475,27.081127,762,1,
31.685379,1.2475,27.0749,763,1,
31.697794,1.2475,27.068672,764,1,
31.710209,1.2475,27.062447,765,1,
31.722624,1.2475,27.05622,766,1,
31.735039,1.2475,27.049992,767,1,
31.747454,1.2475,27.043764,768,1,
31.759869,1.2475,27.037537,769,1,
31.772284,1.2475,27.03131,770,1,
31.784698,1.2475,27.025082,771,1,
31.797113,1.2475,27.018854,772,1,
31.809528,1.2475,27.012627,773,1,
31.821943,1.2475,27.0064,774,1,
31.834358,1.2475,27.000172,775,1,
31.846773,1.2475,26.993946,776,1,
31.859188,1.2475,26.987719,777,1,
31.871603,1.2475,26.981491,778,1,
31.884018,1.2475,26.975264,779,1,
31.896433,1.2475,26.969036,780,1,
31.908848,1.2475,26.962809,781,1,
31.921263,1.2475,26.956581,782,1,
31.933678,1.2475,26.950354,783,1,
31.946093,1.2475,26.944126,784,1,
31.958508,1.2475,26.937899,785,1,
31.970922,1.2475,26.931671,786,1,
31.983337,1.2475,26.925444,787,1,
31.995752,1.2475,26.919216,788,1,
32.008167,1.2475,26.912989,789,1,
32.020584,1.2475,26.906761,790,1,
32.032997,1.2475,26.900534,791,1,
32.045414,1.2475,26.894306,792,1,
32.057827,1.2475,26.888079,793,1,
32.070244,1.2475,26.881851,794,1,
32.082657,1.2475,26.875624,795,1,
32.095074,1.2475,26.869396,796,1,
32.107487,1.2475,26.863169,797,1,
32.119904,1.2475,26.856941,798,1,
32.119904,1.2475,26.856941,799,1,
33.8494,1.2458978,26.831276,800,1,
35.84911,1.2471371,26.801601,801,1,
37.846058,1.247426,26.771969,802,1,
39.837093,1.2475,26.742426,803,1,
41.836834,1.2475,26.71275,804,1,
43.836575,1.2475,26.683073,805,1,
43.892124,1.2475,26.68225,806,1,
43.947674,1.2475,26.681425,807,1,
43.96156,1.2475,26.68122,808,1,
43.975445,1.2475,26.681013,809,1,
43.98933,1.2475,26.680807,810,1,
44.003216,1.2475,26.680601,811,1,
44.0171,1.2475,26.680395,812,1,
44.030987,1.2475,26.68019,813,1,
44.044872,1.2475,26.679983,814,1,
44.058758,1.2475,26.679777,815,1,
44.072643,1.2475,26.679571,816,1,
44.08653,1.2475,26.679365,817,1,
44.100414,1.2475,26.67916,818,1,
44.1143,1.2475,26.678953,819,1,
44.128185,1.2475,26.678747,820,1,
44.14207,1.2475,26.678541,821,1,
44.155956,1.2475,26.678335,822,1,
44.16984,1.2475,26.67813,823,1,
44.183727,1.2475,26.677923,824,1,
44.197613,1.2475,26.677717,825,1,
44.2115,1.2475,26.677511,826,1,
44.225384,1.2475,26.677305,827,1,
44.23927,1.2475,26.6771,828,1,
44.253155,1.2475,26.676893,829,1,
44.26704,1.2475,26.676687,830,1,
44.280926,1.2475,26.676481,831,1,
44.29481,1.2475,26.676275,832,1,
44.308697,1.2475,26.67607,833,1,
44.322582,1.2475,26.675863,834,1,
44.336468,1.2475,26.675657,835,1,
44.350353,1.2475,26.675451,836,1,
44.36424,1.2475,26.675245,837,1,
44.378124,1.2475,26.67504,838,1,
44.39201,1.2475,26.674833,839,1,
44.405895,1.2475,26.674627,840,1,
44.41978,1.2475,26.674421,841,1,
44.433666,1.2475,26.674215,842,1,
44.44755,1.2475,26.67401,843,1,
44.461437,1.2475,26.673803,844,1,
44.475323,1.2475,26.673597,845,1,
44.48921,1.2475,26.673391,846,1,
44.503094,1.2475,26.673185,847,1,
44.51698,1.2475,26.67298,848,1,
44.530865,1.2475,26.672773,849,1,
44.54475,1.2475,26.672567,850,1,
44.558636,1.2475,26.672361,851,1,
44.57252,1.2475,26.672155,852,1,
44.57252,1.2475,26.672155,853,1,
44.685104,1.2475,27.087723,854,1,
44.69963,1.2475,27.141346,855,1,
44.69963,1.2475,27.141346,856,1,
44.69963,1.2475,27.141346,857,1,
44.69963,1.2475,27.141346,858,1,
44.69963,1.2475,27.141346,859,1,
44.69963,1.2475,27.141346,860,1,
44.69963,1.2475,27.141346,861,1,
44.69963,1.2475,27.141346,862,1,
44.69963,1.2475,27.141346,863,1,
44.69963,1.2475,27.141346,864,1,
44.69963,1.2475,27.141346,865,1,
44.69963,1.2475,27.141346,866,1,
44.69963,1.2475,27.141346,867,1,
44.69963,1.2475,27.141346,868,1,
44.69963,1.2475,27.141346,869,1,
44.69963,1.2475,27.141346,870,1,
44.69963,1.2475,27.141346,871,1,
44.69963,1.2475,27.141346,872,1,
44.69963,1.2475,27.141346,873,1,
44.69963,1.2475,27.141346,874,1,
44.69963,1.2475,27.141346,875,1,
44.69963,1.2475,27.141346,876,1,
44.69963,1.2475,27.141346,877,1,
44.69963,1.2475,27.141346,878,1,
44.69963,1.2475,27.141346,879,1,
